stage,source,rows_in,rows_out,timestamp,notes
collect,playstore,0,0,2026-10-02T10:08:52+00:00,failed: TypeError
collect,playstore,0,30,2026-10-02T10:09:59+00:00,-> raw_posts_playstore.csv
collect,playstore,0,9970,2026-10-02T10:46:47+00:00,-> raw_posts_playstore.csv
collect,playstore,0,0,2026-10-02T10:48:20+00:00,no rows
collect,playstore,0,40000,2026-10-02T11:07:23+00:00,-> raw_posts_playstore.csv
collect,appstore,0,500,2026-10-02T11:14:41+00:00,-> raw_posts_appstore.csv
collect,reddit,0,9767,2026-10-02T13:58:29+00:00,-> raw_posts_reddit.csv
collect,youtube,0,6063,2026-10-02T14:57:26+00:00,-> raw_posts_youtube.csv
collect,reddit,2104,7663,2026-10-02T15:28:42+00:00,removed 2104 [removed]/[deleted] placeholder rows; corrects the 9767 above (956 posts + 6707 comments)
collect,manual,0,4,2026-10-02T15:45:41+00:00,-> raw_posts_manual.csv
collect,manual,0,4,2026-10-02T15:45:48+00:00,-> raw_posts_manual.csv
collect,manual,0,0,2026-10-02T15:45:48+00:00,failed: ManualFormatError
collect,placeholder_test,0,0,2026-10-02T15:46:27+00:00,removed 4 example rows imported while testing the collector; data/manual/ is empty
collect,manual,0,0,2026-10-02T15:47:20+00:00,no rows
